{
  "user_2267601793": {
    "complete": {
      "节点数": 7852,
      "边数": 51970,
      "没有出边的节点数": 1167,
      "没有出边节点占比": 0.14862455425369334,
      "平均入度": 6.6186958736627615,
      "平均出度": 6.6186958736627615,
      "平均总度数": 13.237391747325523,
      "最大入度": 3069,
      "最大出度": 201,
      "最大总度数": 3183,
      "网络密度": 0.0008430385777178399,
      "弱连通分量数": 1,
      "强连通分量数": 1318,
      "最大强连通分量节点数": 6535,
      "最大强连通分量占比": 0.8322720326031584,
      "有向聚类系数": 0.16255469929539818
    },
    "largest_scc": {
      "节点数": 6535,
      "边数": 42903,
      "没有出边的节点数": 0,
      "没有出边节点占比": 0.0,
      "平均入度": 6.565110941086457,
      "平均出度": 6.565110941086457,
      "平均总度数": 13.130221882172915,
      "最大入度": 3069,
      "最大出度": 181,
      "最大总度数": 3151,
      "网络密度": 0.0010047613928813065,
      "弱连通分量数": 1,
      "强连通分量数": 1,
      "最大强连通分量节点数": 6535,
      "最大强连通分量占比": 1.0,
      "有向聚类系数": 0.19928446666645372
    }
  },
  "user_6027167937": {
    "complete": {
      "节点数": 5584,
      "边数": 34545,
      "没有出边的节点数": 1144,
      "没有出边节点占比": 0.20487106017191978,
      "平均入度": 6.186425501432665,
      "平均出度": 6.186425501432665,
      "平均总度数": 12.37285100286533,
      "最大入度": 2306,
      "最大出度": 201,
      "最大总度数": 2442,
      "网络密度": 0.0011080826619080538,
      "弱连通分量数": 1,
      "强连通分量数": 1176,
      "最大强连通分量节点数": 4409,
      "最大强连通分量占比": 0.7895773638968482,
      "有向聚类系数": 0.23790641353651146
    },
    "largest_scc": {
      "节点数": 4409,
      "边数": 30253,
      "没有出边的节点数": 0,
      "没有出边节点占比": 0.0,
      "平均入度": 6.861646631889317,
      "平均出度": 6.861646631889317,
      "平均总度数": 13.723293263778634,
      "最大入度": 2306,
      "最大出度": 185,
      "最大总度数": 2411,
      "网络密度": 0.0015566348983414966,
      "弱连通分量数": 1,
      "强连通分量数": 1,
      "最大强连通分量节点数": 4409,
      "最大强连通分量占比": 1.0,
      "有向聚类系数": 0.30644784247098716
    }
  },
  "user_6522901152": {
    "complete": {
      "节点数": 6671,
      "边数": 35316,
      "没有出边的节点数": 2337,
      "没有出边节点占比": 0.35032229051116776,
      "平均入度": 5.293958926697647,
      "平均出度": 5.293958926697647,
      "平均总度数": 10.587917853395293,
      "最大入度": 2555,
      "最大出度": 201,
      "最大总度数": 2661,
      "网络密度": 0.0007936969905093923,
      "弱连通分量数": 1,
      "强连通分量数": 2431,
      "最大强连通分量节点数": 4241,
      "最大强连通分量占比": 0.6357367710987858,
      "有向聚类系数": 0.19870504478452655
    },
    "largest_scc": {
      "节点数": 4241,
      "边数": 28650,
      "没有出边的节点数": 0,
      "没有出边节点占比": 0.0,
      "平均入度": 6.755482197594906,
      "平均出度": 6.755482197594906,
      "平均总度数": 13.510964395189813,
      "最大入度": 2555,
      "最大出度": 169,
      "最大总度数": 2607,
      "网络密度": 0.001593274103206346,
      "弱连通分量数": 1,
      "强连通分量数": 1,
      "最大强连通分量节点数": 4241,
      "最大强连通分量占比": 1.0,
      "有向聚类系数": 0.3311468302502289
    }
  },
  "merged_network": {
    "complete": {
      "节点数": 14895,
      "边数": 99043,
      "没有出边的节点数": 3452,
      "没有出边节点占比": 0.2317556226921786,
      "平均入度": 6.6494125545485065,
      "平均出度": 6.6494125545485065,
      "平均总度数": 13.298825109097013,
      "最大入度": 5580,
      "最大出度": 201,
      "最大总度数": 5655,
      "网络密度": 0.00044644907711484535,
      "弱连通分量数": 1,
      "强连通分量数": 3647,
      "最大强连通分量节点数": 11249,
      "最大强连通分量占比": 0.7552198724404162,
      "有向聚类系数": 0.17524878864940352
    },
    "largest_scc": {
      "节点数": 11249,
      "边数": 82809,
      "没有出边的节点数": 0,
      "没有出边节点占比": 0.0,
      "平均入度": 7.361454351497911,
      "平均出度": 7.361454351497911,
      "平均总度数": 14.722908702995822,
      "最大入度": 5580,
      "最大出度": 185,
      "最大总度数": 5624,
      "网络密度": 0.0006544678477505255,
      "弱连通分量数": 1,
      "强连通分量数": 1,
      "最大强连通分量节点数": 11249,
      "最大强连通分量占比": 1.0,
      "有向聚类系数": 0.2403250645060002
    }
  }
}